id;documento;descricao;url;data_emissao;data_encerramento;orgao_emissor;pessoa_juridica_id
1;restfully alongside;../fake-data/blob/hipster.txt;../fake-data/blob/hipster.txt;2024-08-27T22:11:09;2024-08-28T04:12:33;papaya onto officially;1
2;spinach pack;../fake-data/blob/hipster.txt;../fake-data/blob/hipster.txt;2024-08-28T18:10:57;2024-08-28T07:08:50;intensely;2
3;remote;../fake-data/blob/hipster.txt;../fake-data/blob/hipster.txt;2024-08-28T09:32:21;2024-08-27T23:02:46;aw;3
4;pish head ew;../fake-data/blob/hipster.txt;../fake-data/blob/hipster.txt;2024-08-28T05:49:00;2024-08-28T12:46:43;subcontractor scratch;4
5;inasmuch;../fake-data/blob/hipster.txt;../fake-data/blob/hipster.txt;2024-08-28T07:08:43;2024-08-27T20:41:35;questioner upwardly;5
6;afore codify athwart;../fake-data/blob/hipster.txt;../fake-data/blob/hipster.txt;2024-08-28T11:31:53;2024-08-27T21:57:59;infatuated well;6
7;beside acidic jockey;../fake-data/blob/hipster.txt;../fake-data/blob/hipster.txt;2024-08-28T15:34:02;2024-08-28T13:14:30;um;7
8;scholarly absent;../fake-data/blob/hipster.txt;../fake-data/blob/hipster.txt;2024-08-28T12:19:50;2024-08-27T22:47:15;yuck;8
9;aw;../fake-data/blob/hipster.txt;../fake-data/blob/hipster.txt;2024-08-28T15:25:09;2024-08-28T17:52:53;yawningly stamina after;9
10;brightly resect;../fake-data/blob/hipster.txt;../fake-data/blob/hipster.txt;2024-08-27T22:55:09;2024-08-27T22:49:21;likewise;10
