id;nome;descricao;numero_dias
1;bah so jumbo;../fake-data/blob/hipster.txt;10431
2;plowman inside modulo;../fake-data/blob/hipster.txt;12272
3;liar well-worn;../fake-data/blob/hipster.txt;29728
4;layer;../fake-data/blob/hipster.txt;15342
5;immaterial;../fake-data/blob/hipster.txt;13154
6;fat gah;../fake-data/blob/hipster.txt;28689
7;noisily;../fake-data/blob/hipster.txt;16176
8;carelessly unless;../fake-data/blob/hipster.txt;18055
9;bah;../fake-data/blob/hipster.txt;20345
10;greedily dizzy rejigger;../fake-data/blob/hipster.txt;24393
