id;titulo;descricao;url_doc
1;huzzah;../fake-data/blob/hipster.txt;while ugh
2;set once before;../fake-data/blob/hipster.txt;grandiose inside greedily
3;aha;../fake-data/blob/hipster.txt;officially whoever
4;ninja;../fake-data/blob/hipster.txt;hence scratch weave
5;though;../fake-data/blob/hipster.txt;mockingly prepare
6;officially alongside;../fake-data/blob/hipster.txt;boo
7;out;../fake-data/blob/hipster.txt;flap authentic
8;yuck vice;../fake-data/blob/hipster.txt;because record
9;interferometer;../fake-data/blob/hipster.txt;inject
10;yahoo consequently;../fake-data/blob/hipster.txt;unto abandoned
